Material_Type,Region,Signal_Length,Signal_Energy,Signal_Mean_Energy,Signal_Entropy,Dominant_Frequency,Trend_Strength,Seasonality_Strength,Trend_Slope,Residual_Variance,Residual_Mean,Residual_Std,DWT_cA_Energy,DWT_cA_Mean,DWT_cA_Std,DWT_cA_Var,DWT_cA_Entropy,DWT_cD_3_Energy,DWT_cD_3_Mean,DWT_cD_3_Std,DWT_cD_3_Var,DWT_cD_3_Entropy,DWT_cD_2_Energy,DWT_cD_2_Mean,DWT_cD_2_Std,DWT_cD_2_Var,DWT_cD_2_Entropy,DWT_cD_1_Energy,DWT_cD_1_Mean,DWT_cD_1_Std,DWT_cD_1_Var,DWT_cD_1_Entropy,DWT_Approximation_Energy_Ratio,DWT_Detail_Energy_Ratio,Num_IMFs,EMD_IMF_1_Energy,EMD_IMF_1_Mean,EMD_IMF_1_Std,EMD_IMF_1_Var,EMD_IMF_2_Energy,EMD_IMF_2_Mean,EMD_IMF_2_Std,EMD_IMF_2_Var,EMD_IMF_3_Energy,EMD_IMF_3_Mean,EMD_IMF_3_Std,EMD_IMF_3_Var,EMD_IMF_4_Energy,EMD_IMF_4_Mean,EMD_IMF_4_Std,EMD_IMF_4_Var,EMD_IMF_5_Energy,EMD_IMF_5_Mean,EMD_IMF_5_Std,EMD_IMF_5_Var,EMD_IMF_6_Energy,EMD_IMF_6_Mean,EMD_IMF_6_Std,EMD_IMF_6_Var,Dominant_IMF,EMD_Resid_Energy,EMD_Resid_Mean,EMD_Resid_Std,EMD_Resid_Var,EMD_Resid_Slope
0,0,312,499134618.0,1599790.4423076923,7.4315606721953,0.019230769230769232,0.0,0.29793035143145086,0.5848367043837451,324614.52159706265,32.739363003002325,569.7495253153464,502170847.7567105,3155.7753832043654,1095.6431458886098,1200433.9031326892,5.178255302760247,23026640.87633975,25.746205766809357,714.8708019453171,511040.2634739408,4.413574367709179,24855940.58925665,-2.948574069843627,547.2298142800138,299460.4696369384,5.219755284867931,47280982.18361358,-14.308510871070995,545.1237789145888,297159.9343381215,5.967848464767719,0.8406862858859453,0.15931371411405473,6,58306943.18037264,-16.36007084677295,431.9879352761007,186613.57622410855,30637972.76671598,-13.104561185429215,313.0924801694997,98026.90113868855,20714085.205153022,21.206539784036043,256.79092936638733,65941.58140485291,44117713.057884164,-11.598237985107554,375.85689742669115,141268.40734321825,1566760.361453209,2.833337429496677,70.80706196546468,5013.640024181155,372018076.2088902,1089.401197931982,74.63684625578983,5570.6588190104085,6,5.492996255234949e-25,1.0931426704001542e-15,4.194497302340132e-14,1.7593807619338648e-27,1.1970969526792506e-17
0,1,312,604406306.0,1937199.6987179487,7.454342225444487,0.019230769230769232,0.021013543780239452,0.3261614881570184,0.6758903737060502,377461.32717907015,45.26430828555598,614.3788140708224,593801334.4354154,3321.6972486508143,1470.3443807426572,2161912.597981508,5.0297383524774695,19475257.33050125,-96.62493521746244,650.728144563905,423447.11812758236,4.229061984994793,28557922.045353334,-148.0018742665786,567.5973882582581,322166.7951575958,5.265192029999366,50440253.72501218,-13.342322874408163,563.0775102751169,317056.28257762437,6.202813439410737,0.8577538316883611,0.14224616831163903,6,69432284.54558173,-3.1507707767115196,471.73026846604176,222529.44618704385,15925917.251452483,-7.027503711790914,225.8212141645443,50995.22076674898,31113981.313158646,-27.28774439046485,314.61035915353665,98979.67808671734,65624766.6004179,45.64259075063149,456.34695604936945,208252.54429552515,7108745.096147308,4.741195325233213,150.87067467740889,22761.960477616543,422843533.9462241,1160.2104379313078,95.80958575409726,9179.476722371717,6,6.074607623436297e-25,3.643808901333847e-16,4.412320080709416e-14,1.9468568494631547e-27,1.704684028299348e-17
0,2,312,679037648.0,2176402.717948718,7.583722089722697,0.019230769230769232,0.03443038463518955,0.343704401361157,0.9191713837953024,344052.7404192227,7.537946704653202,586.5600910556587,610482665.1921142,3424.2935779649342,1356.6484218918922,1840494.9406217618,5.090497945898284,22179381.211256877,102.20812206411482,694.5708299461312,482428.63781205745,4.312155128102631,28664352.40681102,55.76624695888946,585.0160417934492,342243.7691556747,5.275537548065312,48442260.040005386,1.335135330490506,551.9660492748153,304666.5195520479,5.996427476570315,0.8601149932163603,0.1398850067836396,6,69428259.45033546,-3.544469175691264,471.71380023854675,222513.9093354916,28136670.80236829,-15.133789364867038,299.92099894228426,89952.60560653769,19653619.54329527,-4.881578091975969,250.93533136329472,62968.54052640653,25475489.844184153,-14.829225831444036,285.36346139667535,81432.30510029181,15479573.759732187,-22.63189245139221,221.58929555542323,49101.815904748706,571526320.6740918,1343.2132626076784,166.1121955803222,27593.26152051522,6,4.52364397489937e-25,-3.643808901333847e-16,3.807562364502687e-14,1.4497531159577292e-27,1.5654344765805633e-17
0,3,312,779536622.0,2498514.814102564,7.68838750537093,0.022435897435897436,0.003538662372669532,0.10333797397019806,2.0038870772842543,485160.6251118216,60.55632519244993,696.5347264220368,971337705.5097314,4302.586478640662,1753.0065426230576,3073031.938479246,5.088244705887947,23780839.78535999,-18.681124215307612,726.7146083156616,528114.1219393854,4.187261368481784,21092043.63164716,50.10756131742188,501.60765535329256,251610.2399090275,5.634942426013215,36583685.41717008,-69.02741746959059,474.6801949139862,225321.28744357993,6.19392729795282,0.9226282182386106,0.07737178176138941,6,44730367.09153391,-1.8331079344309198,378.63333306262734,143363.2009061145,30094859.832403056,-13.873918619763554,310.26665702319207,96265.3984603471,34270249.71210603,0.02465248397013161,331.42200189684576,109840.54334131282,38157585.515664235,15.390138414116814,349.37529565703585,122063.09721544122,6347271.249839206,-4.536352645288583,142.55960021386346,20323.23961313658,627167382.2710581,1405.9567934296012,182.85885612281578,33437.36126254464,6,5.169878828456423e-25,-7.287617802667694e-16,4.0699893750299977e-14,1.656481351285707e-27,-9.433034148692038e-19
0,4,312,1402605064.0,4495529.051282051,7.874456691463127,0.016025641025641024,0.01192896243829844,0.10781125014379345,-0.5754377660545279,593822.5830437904,10.014711286714082,770.5988470298865,1517766218.127051,5538.577354313627,1747.0830177428265,3052299.0708853817,5.226479999384375,29183738.152203012,137.966099137825,793.4058671210416,629492.869982092,4.538053244144418,24000985.629525714,16.69653167865031,537.4846299108976,288889.72739045456,5.238128663440201,46629804.689403236,3.6335175079504562,541.5311712483028,293256.0094335587,6.126832696168409,0.9382939437916501,0.061706056208349826,6,68193375.59414053,-18.066156468719793,467.1639171748273,218242.12551012888,29724767.78637497,9.093817291314469,308.52713674824275,95188.99411006889,58953297.25746997,31.09708440246307,433.5733469286256,187985.84716689034,73066121.41413546,-56.1140338384461,480.66360564343256,231037.50179014527,22663626.72222107,-27.192632260521496,268.1424807609419,71900.38998863209,1271075676.158796,2016.2332029251922,93.61715617868074,8764.171930983503,6,1.0985992510469899e-24,1.0931426704001542e-15,5.932922117106862e-14,3.519956484765578e-27,1.0937827691459591e-17
1,0,312,36410294.0,116699.66025641025,7.3473535366725,0.019230769230769232,0.0,0.27112485423364396,0.1910188838676451,26298.205205913797,7.6480711150989285,162.16721372063404,37832184.34666175,857.9748533538606,323.41051114027795,104594.35871601583,5.14781392322246,1552133.2997941845,41.67673895503594,180.98314986929373,32754.900536611232,4.492210551638083,2882445.5177025874,-4.5601957969833915,186.2993930846849,34707.46386372195,5.016581128841079,3669832.632369903,-12.777781206587466,151.38506097736825,22917.436687121506,5.8106385041576765,0.8235739651722483,0.17642603482775168,6,5420421.874765085,-8.199945312191753,131.55192104785297,17305.907931380545,2121404.2330363886,2.2232033558290274,82.42833195341228,6794.429908621928,1621397.6956723852,5.034139413416002,71.91275913560632,5171.444926495731,2150257.3410261795,0.1336267674398204,83.01706207698517,6891.832595894009,234452.850354093,-1.487400962661169,27.37223194806884,749.2390818188805,25835866.049841337,286.73227417406554,24.328294786713307,591.8659272292218,6,3.6552658904320803e-26,-1.503071171800212e-15,1.071898946165973e-14,1.1489673507917236e-28,3.495276046167146e-18
1,1,312,13431843.0,43050.778846153844,7.030336152834291,0.02564102564102564,0.019980971099280986,0.21431026265252073,0.19205011497550686,13824.023994642492,4.587455561101288,117.57560969283762,11513957.788156739,445.3469659217735,239.85789244879163,57531.8085699761,4.838307118916838,716521.0430489859,5.5335490973615356,126.06375244264352,15892.069679920109,3.9276577888321187,1077784.878258499,1.7242717749654142,113.94027762764192,12982.386865864119,4.65411498866964,1397725.5905463342,2.2173535589323263,93.73265347659175,8785.810327762829,5.61494791380847,0.7829434357162542,0.2170565642837458,6,1909993.837272105,0.006310008446670387,78.24177323939986,6121.775079645668,1006077.5838323263,-4.2464755880151825,56.62662876746784,3206.575085568617,625041.1168586198,-0.009371424773595604,44.75865084187407,2003.3368251847949,2336985.5781997982,-1.4750836283427946,86.53416966699002,7488.162519955416,475851.75686102,6.923460357819158,38.434770508600295,1477.2315840487709,7969142.3305110615,157.75949360819908,25.574695124022856,654.0650306867185,6,4.4428646182047385e-27,-1.8219044506669235e-16,3.769185235710838e-15,1.4206757341100563e-29,-8.759245995214044e-19
1,2,312,48677736.0,156018.38461538462,7.605163083253698,0.019230769230769232,0.02095773627143438,0.36422924483686514,0.2651519025629116,23194.321750545958,0.5849181793404917,152.29682120959043,44160663.29634535,934.47675608548,328.7875690899479,108101.26558807727,5.172344422831139,1160407.3002224364,-22.297161276777583,159.02724764275234,25289.665492829277,4.399888349628227,1979782.0169999334,-18.23991540952804,153.36264496739295,23520.10087139462,5.133799042250658,4075937.3848867766,-4.862016100045065,160.0349559299015,25611.187119485523,6.060949448971702,0.8595450065617914,0.14045499343820858,6,5331998.712318462,-0.9432490894315256,130.72432728346496,17088.84974371446,2437530.615635308,-1.2001119745384665,88.38075502214728,7811.157858284812,2256659.415552511,1.7367828994978391,85.02862063632159,7229.866327315494,1694992.8370888573,10.55029687768808,72.94765647665741,5321.360585436419,411707.7460860455,2.426713410926548,36.24482268230009,1313.687171271375,34851179.30209702,333.05777300406265,27.839138002204134,775.0176047057663,6,3.6350710512584224e-26,1.1842378929335002e-15,1.0728758928845148e-14,1.151062681532745e-28,-3.1948788277415375e-18
1,3,312,69327310.0,222202.91666666666,7.428539568526716,0.022435897435897436,0.0,0.14781559763923724,0.3437702628096909,53701.93595647937,19.540491594371336,231.7367816219069,79531713.85034403,1221.8397413348578,523.9074969794782,274479.065391302,5.04275259973582,2529080.6517937398,-47.963579764951696,232.16650765821979,53901.28727821423,3.9748668210008957,2652376.927750034,13.726190651239145,178.2356311664833,31767.940217314674,5.1594483534156295,4975722.416471241,-4.52321613748571,176.84284602916043,31273.39219169334,5.386563757189585,0.8867509726074367,0.11324902739256326,6,7089971.697196454,-0.35114518688094126,150.74529829252643,22724.14495730277,3381255.7570473356,-9.360412636196713,103.6809571278384,10749.740870944664,3555619.569792804,1.564870666659782,106.74159334413815,11393.76774964536,2890790.336008085,6.201484063691014,96.05672926171982,9226.89523645934,2073806.1249232546,-1.8010594792113115,81.50810197588638,6643.570687711493,52534566.333740294,403.59241641809206,74.11600171525077,5493.181710255055,6,1.1309109937248425e-26,-1.8219044506669235e-16,6.017803077244801e-15,3.6213953876497e-29,-1.942755842528243e-18
1,4,312,178807128.0,573099.7692307692,7.537866514446136,0.016025641025641024,0.059496336761132085,0.12906012594803062,0.18166757028519695,119275.50320144642,9.692740930524307,345.36285729859026,184657996.48639283,1844.0012624762248,838.552548751145,703170.3770170414,4.9696899368202985,4191443.1864372045,40.378670310932975,302.5107351892619,91512.74490474774,4.468314289557086,6614022.8337503765,-3.0265288316474654,282.2726735208515,79677.86221660924,4.669573284022473,11169015.663325634,-16.933853183881972,264.4969303162073,69958.62614669662,5.84615541282232,0.8936542702379805,0.10634572976201948,6,13370991.336614206,1.360060645992403,207.0118153597671,42853.8916985463,4921891.462505855,5.343232671472817,125.48602716508213,15746.74301367573,9133613.472275577,9.587257893572746,170.82882262900353,29182.486640811545,5230020.884585554,4.987290435335977,129.37547829750557,16738.01438470833,7852443.884851583,-0.047239425600850656,158.64453076914117,25168.087142960976,126953277.82636382,633.7052952151244,72.93236806156735,5319.130311067928,6,1.2278462217584005e-25,1.8219044506669234e-15,1.9754015284605683e-14,3.9022111986443497e-28,-1.5676804370921542e-17
2,0,312,39904003.0,127897.44551282052,7.708041010580484,0.019230769230769232,0.01441152844568283,0.4496831307012076,0.29170722779063546,14843.638668831185,0.6507793157175578,121.83447241577888,44111652.83084887,945.1721959194107,294.8024285136075,86908.47185752066,5.246714748100923,1141992.8889794513,16.478781105146503,158.44894928142497,25106.069528387587,4.618769392661288,2182315.9930460197,-1.8368765995523573,162.14064775989027,26289.58965599681,4.808344545292389,1987369.7563940072,-9.144279377122384,111.42514533307586,12415.563012497078,5.980224708639332,0.8925269001398195,0.10747309986018048,6,3810115.52488875,1.816145671645615,110.49258051343155,12208.610348517153,2135730.296476988,-0.160766066897083,82.73610799437543,6845.263566056953,1361517.8886324195,-0.628093897689744,66.05637656349352,4363.444884698055,2575145.9223328484,-0.01840722246048224,90.84972476108038,8253.67248916406,213748.2474126673,1.9939464049249045,26.098174539866747,681.1147143133488,30961151.135572523,314.8914058797076,8.823903385800095,77.8612709619344,6,3.473512337869159e-26,2.7328566760003855e-16,1.05477883271109e-14,1.1125583859353694e-28,6.507670582341715e-18
2,1,312,12086974.0,38740.30128205128,7.514960315219599,0.019230769230769232,0.017328862784146026,0.3527934291869079,0.1756245155932482,7436.727937940713,1.6679064373739863,86.23646524493402,13296846.5330023,502.1510484954005,208.15812020224482,43329.803006132206,5.104325642356317,785482.920909701,-6.316178379941875,131.96697280338114,17415.281910888334,4.433637507190495,458702.2090136295,4.731484186200862,74.18992988346974,5504.1456961141575,4.863033788871739,783493.8133917766,-2.1763261909105416,70.16336402140307,4922.897650799919,5.7628060769358305,0.8676840632717344,0.13231593672826553,6,980956.8466755834,1.3852104887021806,56.05509476573496,3142.173649195526,818119.1716348161,1.3531201976205074,51.18931429403664,2620.3458978936637,932728.3871669599,-1.813263155945268,54.646373513343555,2986.226138159856,826211.8253238727,10.62350016172142,50.35132638838729,2535.2560690699065,399888.1801234869,-3.071445228044109,35.66874134620257,1272.2591092223008,7719633.46577105,156.58056984363756,14.998003261638818,224.9401018361286,6,6.462348535570529e-27,9.109522253334617e-17,4.550204085879847e-15,2.0704357223157657e-29,2.1392773872926588e-18
2,2,312,53279558.0,170767.8141025641,7.912823074797437,0.038461538461538464,0.03575878613893613,0.3437224157782329,0.1950178136148686,15942.2436667498,0.6928992646237748,126.26259805163919,50091145.69769343,1017.3937163486393,279.36821042158425,78046.59699415856,5.296237895052704,1658153.833317847,6.7821595120078575,191.83812257987853,36801.8652749725,4.421801550646555,1340838.9301774804,-7.311791148211789,126.8905970352323,16101.223615957704,5.492569675822766,2777493.6780065754,-10.605538598197626,131.74231001920646,17356.036249196703,6.215367988060007,0.8966040581940242,0.10339594180597578,6,3591558.212423665,-0.7777373141730627,107.28839476695077,11510.79965166907,1500261.5058475756,5.807328632814557,69.09996672655255,4774.80540161067,2322129.953118054,-2.1673768470009938,86.24399507394587,7438.026686314798,302418.5233689179,-3.5644825282418218,30.928701933783138,956.5846033088008,386769.97171444655,-0.5463798884704079,35.204386292848305,1239.3488142560857,46046876.88835214,383.2871094835333,26.02182884966962,677.1355766814982,6,1.857925203976527e-26,-9.109522253334617e-17,7.71625468755853e-15,5.9540586403269e-29,-2.880444356118463e-18
2,3,312,71956489.0,230629.77243589744,7.775240601971114,0.04807692307692307,0.05358645678430829,0.153706533763324,0.23011425207842862,34333.22147231271,0.9840102911349806,185.29225961251785,81283167.05044226,1278.4946427068326,414.4201366860308,171744.04969086844,5.215561836034209,1635193.554827853,-17.596632227176922,189.81041353411447,36027.99308599155,4.131532265853073,2358572.12320433,36.07874859799291,164.66589053132492,27114.85550447428,5.431344117780953,4443010.457683147,-19.39695409592043,166.03379225268566,27567.220169807977,6.155250311979646,0.9059654315851484,0.09403456841485154,6,6477621.703323895,-1.444990631311346,144.0816436106607,20759.520025549446,2139703.1601961353,-0.5490002231119382,82.81136122599128,6857.721548101611,2944067.427901541,5.6747573031663245,96.97376284602262,9403.910680516638,1352180.1670935655,4.716394032774344,65.66328060106476,4311.666419294166,242834.6159241673,-3.513905932244114,27.676136684504268,765.9685417793629,57696382.94595277,429.14559160457287,27.53843714360633,758.3655203123568,6,1.2116903504194741e-26,-9.109522253334617e-17,6.231206210722202e-15,3.882793084054294e-29,4.632293555161272e-18
2,4,312,201164392.0,644757.6666666666,7.922214667849069,0.03205128205128205,0.0,0.11601371247987324,0.3241227099206822,76226.60214742043,6.807459509705396,276.0916553382598,224662957.25904846,2164.956394123279,552.6969991386932,305473.97285691655,5.31989076869119,3638777.3132520113,77.54863899691256,273.58349120879615,74847.92666199344,4.216327052400675,5237876.178068776,12.344057065546425,250.9074852602162,62954.56615960561,5.293767977164188,6102408.800266961,-18.385199425097333,195.04336441808738,38041.91400352683,6.009941068863057,0.9374940074379456,0.06250599256205434,6,8965989.275855726,5.702539827748335,169.42439657391475,28704.626154435136,6485056.782875827,-0.15136617976198005,144.17147947819956,20785.415494932917,9105057.391594607,-8.003067426731766,170.64239557294695,29118.827166874104,3656151.4130787738,-10.788897230975154,107.71273700365049,11602.033712817576,1292190.1232389756,-5.472087021974691,64.12247089753536,4111.691274005269,184443694.86896786,766.1103139291312,65.12046970037468,4240.675573997418,6,7.431700815906108e-26,5.465713352000771e-16,1.5423903486046817e-14,2.378967987468872e-28,-1.8967136520405788e-17
3,0,312,171545077.0,549823.9647435897,7.373099738645967,0.019230769230769232,0.0768934469450202,0.3202005458271212,0.9828455185501318,105347.6791808217,7.883266586052712,324.57307217454394,174054849.07650205,1822.4121779647608,739.3912284028769,546699.3886391153,5.093871424572959,4128228.9601463135,57.810673196448654,297.3152323732475,88396.34740115817,4.155326563335411,8340127.475155123,-16.952896889734753,316.53761679006146,100196.0628431318,5.476734538039429,19119576.27581782,-21.940307949170208,346.07445771419793,119767.53028217616,5.696015247957201,0.8463941576916527,0.15360584230834742,6,21774523.149740797,-13.140190982372564,263.8512339963527,69617.47368139804,6719168.586774038,2.106809519049965,146.7356742790632,21531.35810613133,5118787.507090552,-5.924189934383177,127.95028014293355,16371.274188655176,16815517.10030941,-1.7188285664263476,232.1485166232526,53892.93377037658,268040.4111111253,0.5568078496297614,29.305184640008974,858.7938467850179,129384571.44544429,641.0971562170664,60.73364420656112,3688.5755386091546,6,1.71252236192619e-25,2.004094895733616e-15,2.3342428666724783e-14,5.448689760611349e-28,-1.4250619446059783e-17
3,1,312,222763309.0,713984.9647435897,7.338102758148629,0.019230769230769232,0.0,0.3123579135820346,0.31829900668570543,155447.76281053774,25.253883580757257,394.26864294607265,213193481.13080308,1997.175976817942,865.4022369044035,748921.0316391453,5.034058614201888,7843032.291567446,-77.79459982336509,410.167778741333,168237.6067175991,4.454249739411768,14460859.359549176,-15.582527142183546,417.1143800533024,173984.40604725078,4.9233172398658365,21310946.61812157,7.182067650728858,366.0321416352072,133979.5287100564,5.676512582893162,0.8301657891335775,0.1698342108664225,6,26475536.94512106,-16.95261850678128,290.809385911949,84570.09893448488,12905263.4264362,-4.112595911854936,203.33742979969512,41346.110357545935,4321170.0923000425,-0.952859938061415,117.68175814426701,13848.996199925756,25239071.79190014,7.781386196298763,284.31305087937636,80833.91090033886,1889734.914844341,3.8662150304448972,77.7296279234727,6041.895057121507,159458426.33452654,712.7647038991847,55.23745708897808,3051.176665656695,6,1.4863401631812216e-25,0.0,2.182638490320143e-14,4.763910779426992e-28,-4.581759443650425e-18
3,2,312,230991121.0,740356.157051282,7.558599895416643,0.019230769230769232,0.012081200175554141,0.35855588291904006,0.08382767341708267,117692.62386074438,8.869346063408612,343.06358573993884,205648644.18616864,2033.7148458686502,658.7668756830444,433973.79649719974,5.212283555970407,8201097.875732978,76.31232885978109,420.0274371094458,176423.04792472947,4.507881409137108,10110508.400984732,14.774055395060593,348.7048630517151,121595.0815159154,5.294633782326225,22345145.716553085,28.75440054071383,373.7762594130632,139708.69210082153,5.952231749230631,0.834933571801848,0.1650664281981519,6,29210460.39542523,-9.506903561989064,305.8314720280123,93532.88928282085,10601248.339923214,0.3406962733390563,184.33188544010986,33978.243989905786,11188396.3231268,-1.8724268031721603,189.35875644731397,35856.73864327317,9736172.835972298,-13.153603275466313,176.16090624042985,31032.66488744952,1564239.8508968088,3.5020088078565377,70.72004807693922,5001.325200004594,183632194.3258998,766.8280490722525,23.22646248502383,539.4685595682193,6,1.0985992510469899e-25,1.4575235605335388e-15,1.8708040240410873e-14,3.4999076963683247e-28,1.99441293429489e-17
3,3,312,318524473.0,1020911.7724358974,7.567763833386067,0.022435897435897436,0.033300698220865343,0.13056077994647441,0.9842961428001777,214488.9964780248,26.26787630977082,463.12956770003876,347539831.2124021,2617.6316930405246,933.3336380230813,871111.6798654002,5.184654075111269,8045013.443803411,14.104536391393207,422.5862498735004,178579.1385821485,4.306668919132388,14997475.28196216,-8.725177230930425,424.9898170061741,180616.34455894137,5.29335169291926,24904027.694152124,-20.947672861177473,395.2091851113389,156190.29999636853,5.742421076462444,0.8787656850686205,0.12123431493137951,6,35526134.34472161,-14.868115867566274,337.1123764236337,113644.75433798968,9486125.904282093,-2.8880082066550816,174.34422589179755,30395.90910181013,7189816.033551981,-6.955169191539092,151.6440166321689,22995.907780337515,17883090.896918267,-7.381741146849711,239.29711432908064,57263.1089262251,3282780.671532775,-1.2159811797765245,102.56829096436108,10520.254311349836,261099394.76313663,909.9276053359764,94.28036669831216,8888.787544768209,6,2.3264454728053903e-25,1.0931426704001542e-15,2.72848060165413e-14,7.4446063936028825e-28,3.184772005439362e-17
3,4,312,792541992.0,2540198.6923076925,7.542781487144017,0.016025641025641024,0.059011917340197284,0.11764838476856931,0.6495868318188207,532147.4577222698,16.21752686993629,729.4843779837029,829018276.825525,3867.933069118257,1860.5703820930755,3461722.146721973,4.901646450108512,22384848.869296372,5.295173350038262,705.2751570299047,497413.0471235567,4.389769617356773,26890253.45491637,-37.63885988494974,567.9456607059429,322562.2735147101,5.314313601294311,43534837.17940835,-56.8891840439994,520.1611559473376,270567.62815647054,5.846616060222416,0.8993197020230042,0.10068029797699594,6,60241351.55374119,-7.423317410191992,439.34741303274706,193026.14933856725,25692408.05709802,-1.3122338395356274,286.9594740792128,82345.73976381839,36166308.421016626,15.844138739935541,340.09795421783383,115666.61846315578,75800581.407958,-46.53467123079035,490.6985895732787,240785.10580920504,9948613.418566015,5.164002541764129,178.49345799639696,31859.914547511526,627941565.7662199,1413.9287478654849,115.92549145559283,13438.719569220728,6,5.428372769879244e-25,5.101332461867386e-15,4.1398544351009336e-14,1.7138394743824867e-27,3.5980287395725375e-17
4,0,312,285036957.0,913579.9903846154,7.539973552873705,0.019230769230769232,0.07428723183258512,0.3326674598276017,0.6808156800732125,148860.99949623927,20.150854121653083,385.8250892519035,307219660.7927087,2451.5470803608487,903.8918552268864,817020.4859455025,5.157465714658576,6824486.06189601,4.720707943443021,389.4007713608488,151632.96073642405,4.528197866703921,13008776.223456273,29.723684954608817,394.7768308916049,155848.74620881883,4.913177302049207,23006191.635362893,-26.638747231513943,379.45145446968746,143983.4062991613,5.783628095262908,0.8776222297317249,0.12237777026827519,6,28581279.158211336,-0.9410134161360076,302.66446514643366,91605.77846237674,13779045.364479374,-11.382426344881337,209.84291102617033,44034.04730793724,11181578.62596938,-6.823430495009277,189.18729827404616,35791.83382823291,16780605.92887023,16.77168454436059,231.30651516831085,53502.70395930802,4536998.89646565,-4.267504456423826,120.5132836471233,14523.451535411998,222133058.31490645,830.8830747834744,146.96341903635127,21598.246534854174,6,1.7771458472818954e-25,9.109522253334617e-16,2.384886148263951e-14,5.687681940181265e-28,9.197208294974743e-18
4,1,312,409833590.0,1313569.1987179487,7.629519599415501,0.02564102564102564,0.0033583467922431165,0.2605354679973023,0.9518664502957526,228350.29152713367,36.97334497254857,477.8601171128782,414409006.5003748,2879.4890818171343,957.9309270702041,917631.6610375808,5.212754256018332,14032322.634447291,7.6515228967770845,558.3644384037782,311770.8460739666,4.651707613423083,19909525.379327945,-11.841403330097219,489.62596021668725,239733.580918113,5.204587825236562,26167271.234414846,-11.714728731324744,405.50807396598105,164436.79805159956,5.954458629757651,0.8733259785316603,0.12667402146833984,6,38581666.75508849,-14.838344211955388,351.3388846379502,123439.01185863887,17073376.213751752,-19.219326992613667,233.1372495535875,54352.97712941174,12162374.614126252,-17.30900425540776,196.678337111024,38682.3682887576,24896006.35070293,-19.260267303409382,281.822522615014,79423.93425309009,8794968.762338039,12.37027357198523,167.43947794694472,28035.978775145384,355051169.3896342,1062.0130794478114,100.56210198800335,10112.736356245587,6,3.9420326066980225e-25,4.008189791467232e-15,3.531864102597759e-14,1.2474064039218672e-27,7.726104159881104e-18
4,2,312,425076786.0,1362425.5961538462,7.732051485509367,0.019230769230769232,0.06668284493939314,0.3686419675027567,0.8331144558788849,164766.91029201305,13.92332436072559,405.91490523509117,438232350.10748947,2996.9195972794478,870.0399970677852,756969.5964977117,5.277889312203211,8416501.871891689,-61.08424519922658,428.1379332871209,183302.0899193672,4.403492172875547,19720799.89014975,28.810477189649887,486.590130480066,236769.95508060767,5.268125599979911,30757375.35247317,35.80525975811541,438.36126157925884,192160.59565335937,6.027478977395294,0.8815299231594307,0.11847007684056929,6,40899488.68954554,-11.65214471805316,361.8733650017005,130952.33229765396,14934699.398668148,4.238808352598535,218.7456486002235,47849.65878153246,18058847.067393392,-6.159807712084928,240.5056690740355,57842.97685674947,7963702.033535324,4.75157260425267,159.6937962561709,25502.108562707428,4666534.431169772,10.067349204730407,121.88309811263477,14855.489605534152,340345333.5629175,1043.5042222685565,44.1516273082787,1949.3661939691415,6,3.6512269225973487e-25,1.2753331154668465e-15,3.418535599841861e-14,1.1686385647386156e-27,3.246535919508179e-17
4,3,312,540890930.0,1733624.7756410257,7.72537533705879,0.01282051282051282,0.035303178395577284,0.15961603284851822,1.1554635242057831,287558.3854883039,1.5092994518198755,536.2447067228766,608528463.3648151,3493.17248841905,1149.1739239961043,1320600.707592604,5.2371164608858525,16390792.240882147,-29.613373135518664,602.7958822907597,363362.87570669537,4.317270123091691,16626355.587767981,71.87283319001476,441.7599269413923,195151.83305126423,5.392703571808048,27825318.60209254,-83.5990736915962,409.8941310444108,168013.19866465262,5.948363316576593,0.9091050063238847,0.09089499367611534,6,32266273.97008021,-5.698210878421364,321.5354959700144,103385.07516868314,22673325.417672984,4.6596848120392504,269.5351593719943,72649.20213768638,28835947.27849109,-24.24166032913487,303.0433134856609,91835.24984836855,30143078.48199495,30.101393885045162,309.3644082925708,95706.33711821244,9026912.78379712,-38.43561322266576,165.69585512250498,27455.116404778157,460077694.3202829,1209.8387647074965,104.39424326719455,10898.158027330195,6,6.462348535570529e-25,0.0,4.5511158590752284e-14,2.0712655562726055e-27,3.7103267651522053e-17
4,4,312,1367841816.0,4384108.384615385,7.881461914576327,0.016025641025641024,0.04157752016123617,0.14905846369918319,0.41827381386337287,544614.9777773836,12.663748824722415,737.9803369856027,1383413664.876386,5318.011147282107,1568.8477693916486,2461283.3235251517,5.268445059583138,28271776.744185664,-83.03105041013299,788.2687042462982,621367.5500941379,4.230496277540195,29049375.407366015,83.47220345800466,585.6832471886213,343024.8660374077,5.273423198902088,55013379.54362146,-19.05910002475605,587.9054757908552,345632.84846487193,6.207660122452185,0.9248974312971542,0.07510256870284575,6,72489342.49688491,11.266166987398435,481.8824646004216,232210.70968937656,24370736.399532124,14.473613896911939,279.1090272897817,77901.84911464811,16589087.386807479,-10.105531797416303,230.36499323439884,53068.03010788462,36964494.424382426,6.130830713031328,344.1487419454857,118438.35658266053,31968392.25593941,-14.104283406005042,319.7872181337406,102263.8648817166,1158124047.9997368,1921.6725369394132,138.24149902994992,19110.712054047643,6,5.686866711302065e-25,4.372570681600617e-15,4.2468745156341736e-14,1.8035943151542997e-27,6.5806642989685e-17
5,0,312,22948.0,73.55128205128206,7.455147795581546,0.019230769230769232,0.0,0.3961511057489989,0.004613736025384121,12.685871205269837,-0.031793121192319834,3.5617230668975144,24160.10997110024,21.570065732482075,8.46307255005645,71.623596987519,5.124404226048165,715.8905827260372,-0.04672814169215356,3.988294885901512,15.906496096908153,4.5019899517503825,1138.6714167228893,0.10762376799223129,3.702343832785419,13.707349856164225,4.993765906155753,2075.0531759225178,-0.48600099695285937,3.5797279137015288,12.8144519361339,6.018216793641019,0.8601048904935605,0.13989510950643955,6,2564.129638200542,-0.16985062937501177,2.861732864664808,8.18951498870265,1238.9352362323557,-0.1059189114315934,1.98990639332021,3.9597274541766456,1128.8732478215588,0.024037663916109897,1.9020004409360731,3.617605677321017,2519.8176794403385,-0.13284023949897752,2.8387835752175237,8.058692186924786,121.93656376908785,0.012957209148832024,0.6250235439595783,0.3906544305037909,18246.67382504212,7.621614907240641,0.6276265865499068,0.3939151321442876,6,1.6368863783335995e-29,2.1350442781253012e-17,2.2805364630041813e-16,5.200846559091622e-32,1.0536713181342208e-19
5,1,312,19268.0,61.756410256410255,7.124684132327921,0.019230769230769232,0.11983971348278133,0.2874027906194344,-0.015214290404082748,14.545831608737226,0.11622242818082885,3.813899790075406,20444.23716070006,19.294438401814908,9.05765025309878,82.0410281074604,5.016510401587616,1281.1686106973461,0.2683911599519561,5.32901301896625,28.398379756311787,4.07346086886968,1010.2178064013958,-0.15965736254629462,3.4850837004139135,12.145808398890736,5.205887990660281,2055.343358224198,0.35490578370383086,3.577810737345834,12.800729672267142,5.519432206925307,0.8246647746116412,0.1753352253883586,6,2566.35216462699,-0.004870302691593484,2.8680069712763046,8.225463987289482,1380.084010589449,-0.04739451823861857,2.102641183708629,4.421099947427624,2217.1237002364023,-0.17064948281732792,2.660271501163008,7.077044459900084,1221.2198369707153,0.1327359670919557,1.9739674027645622,3.8965473071770713,709.8879925020838,0.3884020314648997,1.4575410420307922,2.1244258892042076,11964.179636799392,5.964596818011198,1.6644261484658769,2.770314403696953,6,9.564938475804768e-30,1.1386902816668272e-17,1.747203266176022e-16,3.0527192533361597e-32,1.4756662423828135e-19
5,2,312,26602.0,85.26282051282051,7.619478962797179,0.038461538461538464,0.05137249097592356,0.37307740314127746,0.007948199509566064,12.212048777003275,0.12886432344513093,3.494574191085843,24197.07895573361,22.096492113566015,7.032631225799057,49.45790195808395,5.210483118894344,721.9248023003773,0.32366806863136555,3.9922440263342205,15.938012365801269,4.785965564669226,1220.4610704506188,-0.17430342292703857,3.830661635168122,14.673968563148913,5.215476992528837,2362.8112065385803,0.2804811988519208,3.844707809048156,14.781778136955873,6.0931862879921646,0.848952516142942,0.15104748385705802,6,2975.4084762221732,-0.08236382425558052,3.087034471684956,9.529781829371217,983.5157683420152,-0.060375617878574116,1.774443268765477,3.148648914067111,856.3946570449214,-0.02776858121757005,1.6565275656966705,2.7440835759129367,924.0443432268705,0.00869326587873884,1.7209314380282477,2.9616050143939723,288.614880059903,0.1188512308956777,0.9544223789362187,0.9109220774142711,20799.170873883995,8.113476347090128,0.9140627857951978,0.8355107763756777,6,1.6960509462251754e-29,1.708035422500241e-17,2.325271355140198e-16,5.406886875035535e-32,8.194246554016343e-20
5,3,312,41557.0,133.19551282051282,7.368685814517869,0.04807692307692307,0.05608477237625964,0.16718726266614325,0.012303730826545572,32.40983862539104,0.17838250070598768,5.692963957851045,40253.39396763918,27.758067239779223,11.13595838082347,124.00956905943245,5.088955938794172,2177.4858834503616,0.31596907614647163,6.949009910102659,48.28873873070497,3.9169056748712308,2137.0823196226866,-0.26084678378271736,5.067537736404182,25.679938709880417,5.0493595430665765,3875.588077018275,0.04972921902144606,4.936830439134472,24.37229478476467,5.866934669428879,0.8309340203554751,0.16906597964452486,6,5221.864874476309,-0.23401437329227776,4.084358415424006,16.681983665644896,2331.60470748505,-0.05612911265361671,2.733119377905537,7.469941533882748,3255.56069626127,-0.007339168803974976,3.2302376921358404,10.434435547695081,1336.3117555950037,-0.2293307637758707,2.0568076962827395,4.23045789948791,885.3843025051328,-0.21012986759906263,1.6714112716742595,2.793615639079765,33894.06493185956,10.355533029714547,1.1822686539196336,1.3977591700409426,6,4.02319061662716e-29,4.2700885562506023e-17,3.5654600204148444e-16,1.2712505157176622e-31,-2.7109445237591545e-19
5,4,312,89608.0,287.20512820512823,7.745206879179979,0.03205128205128205,0.0,0.11216827458356515,0.00953712496240217,51.45889462987585,0.11600423565094153,7.173485528658705,95433.9765060746,43.96990248010804,13.689510924723107,187.40270935811333,5.239672248348056,2594.33743000852,-1.3819145674615043,7.466073601118322,55.742255017315905,4.0136687827230055,2160.60906039673,-0.2830901516427431,5.094241300591688,25.95129442865409,5.487968417822521,4755.299913855449,-0.6557567368509531,5.429321295530067,29.477529730096283,6.032006815422098,0.9093780854198493,0.09062191458015069,6,6504.242579907219,-0.28664578737852897,4.556837229749886,20.764765538434613,2850.0982457287273,-0.09700953933292693,3.020847467855664,9.125519424049976,6245.6734603447485,0.18706210573642892,4.470256361370015,19.983191936369085,3967.58533281486,-0.12244627108355399,3.5639341418095283,12.701626567155618,898.4246780141806,-0.28857972497277723,1.6722105184518823,2.7962880180211127,78251.60978905577,15.812747422159564,0.8737623215583794,0.7634605945750887,6,8.598583866909029e-29,7.116814260417671e-17,5.201256888850774e-16,2.7053073223817633e-31,3.865508599250107e-19
